epoch,train_loss,val_loss,val_accuracy,val_macro_f1,val_precision_macro,val_recall_macro,lr
1,0.3366753567306705,0.25784684227672733,0.9012,0.9011486130950312,0.9020359775302373,0.9012,7.091733870967743e-06
2,0.20313528875602566,0.2672808591430639,0.9076,0.9075615308066605,0.9082796386176284,0.9076,3.5458669354838716e-06
3,0.15422352795855174,0.3241964799002003,0.9084,0.9083975230690238,0.9084441773222192,0.9084,0.0
