epoch,train_loss,val_loss,val_accuracy,val_macro_f1,val_precision_macro,val_recall_macro,lr
1,0.38448409379116383,0.2990316603878501,0.8728,0.8727840420302322,0.8729871500324002,0.8728,1.4183467741935486e-05
2,0.2293685040169931,0.32067049393774405,0.8844,0.8843968740914754,0.8844415812014228,0.8844,7.091733870967743e-06
3,0.14466657675405556,0.40609609877844904,0.884,0.8839999257599525,0.8840009830425166,0.884,0.0
